MonitoringStation,SampleDate,CHLA,SALINITY,TN,TP,WTEMP,DO
CB5.1,7/24/84,6.7,9.01,1.206,0.024,26.1,0.1
CB5.1,9/24/84,8.7,15.54,0.32325,0.025,23.4,2.3
CB5.1,10/8/84,13.4,14.8,0.964,0.029,18.3,4.8
CB5.1,10/22/84,9.3,15.41,0.727,0.017,19.6,4.9
CB5.1,11/5/84,6.7,15.75,0.63,0.019,17.9,2.5
CB5.1,12/10/84,10,16.77,0.69,0.019,7.5,7.2
CB5.1,4/22/85,11.3,11.93,0.716,0.013,18.4,2.4
CB5.1,6/3/85,9,13.73,0.711,0.107,22.8,2.6
CB5.1,6/17/85,10.4,14.46,0.693,0.0334,23.9,0.7
CB5.1,7/8/85,6.6,15.07,0.68,0.0428,26.7,2.8
CB5.1,7/22/85,3.6,15.88,0.543,0.02125,27.3,0.2
CB5.1,8/6/85,8.5,15.88,0.506,0.0342,25.9,0
CB5.1,9/9/85,3.1,16.36,0.593,0.0247,28.4,0
CB5.1,10/7/85,5.4,18.48,0.587,0.022,20.6,3.7
CB5.1,10/21/85,1.9,19.31,0.484,0.0191,19.2,1.6
CB5.1,11/12/85,9.7,18.28,0.731,0.0488,15.4,6.1
CB5.1,1/6/86,6,15.07,0.914,0.0242,3.7,10
CB5.1,1/13/86,10.55,14.13,0.91,0.034,2.5,12.6
CB5.1,2/10/86,6.315,11.355,1.017,0.0769,1.8,11.25
CB5.1,3/10/86,5,13.26,0.978,0.0145,3.4,9.6
CB5.1,3/12/86,4.64,13.45,0.97,0.022,3.4,12.5
CB5.1,3/24/86,6.3,8.82,1.759,0.0357,7.3,9.4
CB5.1,3/26/86,6.73,8.89,1.46,0.041,7.3,11.4
CB5.1,4/9/86,15.25,9.78,1.2,0.022,10.9,9.3
CB5.1,4/21/86,11,10.63,0.897,0.01315,12.1,3.7
CB5.1,5/7/86,2.77,11.87,1,0.042,14.9,5.9
CB5.1,5/12/86,2.1,12.59,0.9916,0.00945,16.2,5.8
CB5.1,6/3/86,2.99,14.73,0.7,0.031,19.7,3.1
CB5.1,6/9/86,6.976666667,13.86,0.8185,0.029366667,22.4,1.9
CB5.1,6/23/86,8.636666667,15.48,0.771,0.038033333,23.55,0.45
CB5.1,7/7/86,5.48,12.73,0.515,0.03,25,0.9
CB5.1,7/15/86,12.1,13.66,0.732,0.026,26.5,0.8
CB5.1,7/21/86,5.87,13.46,0.42,0.053,26.8,0.2
CB5.1,7/28/86,4.9,14.87,0.5577,0.0309,29.3,0
CB5.1,8/4/86,3.74,14.8,0.465,0.075,27.2,0.3
CB5.1,8/11/86,6.7,15.41,0.48355,0.0216,27.3,0
CB5.1,8/25/86,15.5,15.81,0.58395,0.0284,25.3,1.2
CB5.1,9/2/86,7.28,14.4,0.465,0.042,23,2.4
CB5.1,9/8/86,7.7,15.88,0.529,0.0189,22.9,2.8
CB5.1,9/15/86,3.74,16.09,0.475,0.034,22.7,1.9
CB5.1,9/22/86,3.48,16.905,0.588575,0.0236,22.15,2.15
CB5.1,10/1/86,3.89,16.14,0.54,0.024,23.2,2.9
CB5.1,10/6/86,13.58,16.57,0.59,0.043,23,2.1
CB5.1,10/8/86,4.8,17.45,0.3366,0.028,21.5,1.7
CB5.1,10/22/86,9.05,18.83,0.54,0.044,17.1,6.4
CB5.1,10/27/86,6.8,17.86,0.308,0.026,17,5.3
CB5.1,11/5/86,4.26,18.83,0.47,0.052,15.4,4.9
CB5.1,11/17/86,7.5,17.52,0.48,0.025,12.5,6.6
CB5.1,12/3/86,6.43,14.06,0.8,0.077,9.2,9.1
CB5.1,1/5/87,16.9,16.29,0.633,0.029,5,10
CB5.1,1/19/87,7.7,15.41,0.78,0.01,4.3,10.1
CB5.1,2/2/87,7.78,16.58,0.8,0.06,1.7,12.3
CB5.1,2/24/87,7.8,15.68,0.696,0.027,2.5,10.6
CB5.1,3/16/87,5.61,13.99,0.83,0.02,4.1,12.2
CB5.1,3/24/87,8.1,12.79,1.057,0.015,7.6,9.8
CB5.1,3/30/87,13.01,13.79,1.05,0.04,9.2,10.5
CB5.1,4/6/87,25.3,14.73,0.919,0.02,9.3,7.9
CB5.1,4/13/87,17.44,11.47,1.14,0.05,11.1,8.6
CB5.1,4/20/87,28.6,11.87,1.003,0.02,12.2,6.9
CB5.1,4/27/87,17.57,9.85,0.96,0.03,11.9,7.7
CB5.1,5/6/87,24.7,11.93,1.031,0.021,13.8,4.8
CB5.1,5/11/87,11.81,11.47,1.03,0.02,16.4,4.1
CB5.1,5/18/87,28.3,12.93,0.926,0.021,22.1,1.6
CB5.1,5/26/87,49.22,13.19,0.73,0.02,19.4,1
CB5.1,6/1/87,26.7,12.59,0.7082,0.034,26,0.7
CB5.1,6/8/87,32.43,13.26,0.77,0.03,22.3,0.6
CB5.1,6/15/87,13.1,14.33,0.8693,0.038,24.6,0.5
CB5.1,6/22/87,4.49,15.14,0.415,0.04,25,0.6
CB5.1,7/6/87,12.3,16.7,0.3581,0.044,25.9,0.3
CB5.1,7/13/87,6.205,13.86,0.575,0.01,27.3,0.1
CB5.1,7/20/87,4.6,13.66,0.5016,0.025,28,0.2
CB5.1,7/27/87,5.76,13.93,0.62,0.03,28.4,0.2
CB5.1,8/3/87,5.5,14.8,0.459,0.033,28.5,0.1
CB5.1,8/10/87,4.56,15.75,0.615,0.24,27.7,0.4
CB5.1,8/17/87,17.9,15.2,0.3406,0.053,28.1,0.1
CB5.1,8/24/87,5.83,15.75,0.465,0.09,25.7,0.9
CB5.1,9/1/87,8.4,16.02,0.5319,0.036,24.9,1.6
CB5.1,9/14/87,7.8,16.9,0.5032,0.033,25.8,0.1
CB5.1,10/5/87,8.6,18.41,0.718,0.0229,20,6.1
CB5.1,10/13/87,6.73,18.14,0.45,0.05,18,8.3
CB5.1,10/19/87,6.3,16.43,0.611,0.0163,16.6,6.9
CB5.1,10/26/87,6.06,17.38,0.71,0.01,15,9
CB5.1,11/9/87,4.26,17.86,0.6,0.13,13.6,8
CB5.1,11/16/87,3.8,17.38,0.645,0.0197,11.9,7.9
CB5.1,12/9/87,7.92,15.81,0.82,0.04,7.5,9.5
CB5.1,12/14/87,6.4,16.77,0.6,0.0185,7.5,8.8
CB5.1,1/6/88,7.92,15.81,0.94,0.025,3.6,11.5
CB5.1,1/11/88,7.7,15.95,0.69,0.0122,1.8,11
CB5.1,2/8/88,8.67,14.53,0.73,0.055,1.7,11.4
CB5.1,2/22/88,8.7,13.59,0.8,0.00995,2.7,10.9
CB5.1,3/7/88,5.23,13.19,1.11,0.056,4.2,11.5
CB5.1,3/16/88,7.1,15.27,0.708,0.0101,5.4,10.5
CB5.1,3/21/88,5.68,13.53,0.92,0.017,5.1,11.4
CB5.1,3/29/88,9.5,13.99,0.872,0.0082,8.6,8
CB5.1,4/4/88,16.35,14.46,0.91,0.037,9.7,11.1
CB5.1,4/11/88,22.6,14.13,0.949,0.01275,10.6,7.5
CB5.1,4/18/88,21.55,12.59,1.29,0.035,11.5,9.7
CB5.1,4/25/88,19.7,13.79,0.954,0.0157,11.9,7.4
CB5.1,5/2/88,17.57,13.39,1.205,0.027,13,7.9
CB5.1,5/9/88,35.4,14.06,0.87,0.0155,13.9,3.6
CB5.1,5/16/88,27.6,14.46,1.07,0.036,17.4,5.3
CB5.1,5/23/88,5.8,10.76,0.78,0.0124,20.7,1.3
CB5.1,6/6/88,11.7,10.43,0.747,0.0198,20.2,0.4
CB5.1,6/13/88,25.19,11.08,0.86,0.057,20.2,2.7
CB5.1,6/27/88,7.55,12.93,0.73,0.059,22.8,0.8
CB5.1,7/5/88,6.6,13.19,0.58,0.0214,24.5,1.2
CB5.1,7/11/88,5.36,13.53,0.84,0.029,25.3,0.5
CB5.1,7/18/88,6.6,13.53,0.644,0.0285,28.8,0
CB5.1,7/25/88,4.93,13.99,0.75,0.051,26.6,0.6
CB5.1,8/8/88,4.9,13.86,0.462,0.0195,30.4,0.1
CB5.1,8/15/88,9.34,14.66,0.765,0.074,28.9,0.2
CB5.1,8/16/88,5.76,14.06,0.765,0.05,28.6,0.9
CB5.1,8/22/88,20,14.6,0.66,0.0299,27.1,0
CB5.1,8/29/88,4.93,15.34,0.565,0.04,26.7,0.3
CB5.1,9/6/88,8.4,15.34,0.543,0.0216,24.6,0.1
CB5.1,9/13/88,13.01,15.54,0.53,0.053,23.5,2.6
CB5.1,9/21/88,21.8,15.41,0.562,0.025,23.8,1.2
CB5.1,9/26/88,12.41,16.49,0.665,0.052,21.9,1.9
CB5.1,10/10/88,7.1,16.9,0.69,0.063,18,5.4
CB5.1,10/18/88,8.4,17.59,0.53,0.0219,16.6,4.6
CB5.1,10/24/88,5.53,18.07,0.6,0.033,15.1,5.5
CB5.1,12/5/88,2.5,17.59,0.4995,0.015,8.7,8.2
CB5.1,1/9/89,3.74,17.25,0.73,0.04,4.2,10.9
CB5.1,1/17/89,2.7,16.63,0.5399,0.0135,3.8,9.8
CB5.1,2/13/89,4.8,17.66,0.5519,0.0122,3.5,10
CB5.1,3/6/89,4.1,18.69,0.4991,0.0096,3.9,10.2
CB5.1,3/13/89,3.66,16.77,0.78,0.01,3.4,13.6
CB5.1,3/20/89,2.2,18.07,0.5837,0.0082,5.1,9.8
CB5.1,3/27/89,1.12,16.63,0.84,0.01,7.1,10
CB5.1,4/10/89,3.44,13.93,1.01,0.02,9.4,10.4
CB5.1,4/17/89,3.3,14.19,0.9174,0.0115,11.5,7.6
CB5.1,4/24/89,4.19,12.99,1.1,0.02,12.5,8.2
CB5.1,5/1/89,4.7,12.26,0.826,0.013,15.3,6.8
CB5.1,5/8/89,5.01,14.53,1.15,0.055,14.4,6.9
CB5.1,5/15/89,4.2,13.06,1.031,0.0187,16.6,4.8
CB5.1,5/22/89,1.79,7.37,1.08,0.02,19.1,4.9
CB5.1,6/5/89,6.21,10.11,0.77,0.03,22.9,3.3
CB5.1,6/26/89,14.1,9.2,0.813,0.0333,26.5,0.7
CB5.1,7/5/89,12.86,8.31,0.98,0.04,25.6,0.1
CB5.1,7/10/89,22.8,7.68,0.903,0.0361,26.9,0.5
CB5.1,7/19/89,10.47,7.39,0.96,0.04,24.6,0.1
CB5.1,7/24/89,20,8.5,1.084,0.0429,28.3,0.2
CB5.1,8/7/89,13.46,9.14,0.415,0.02,28.1,0.1
CB5.1,8/14/89,48.7,10.04,1.15,0.0793,26.3,0.3
CB5.1,8/21/89,15.85,11.54,0.69,0.1,24.8,0.3
CB5.1,8/28/89,14.7,12.4,0.665,0.0331,26.2,0.2
CB5.1,9/5/89,9.67,13.46,0.855,0.075,24.4,0.1
CB5.1,9/11/89,20.4,13.19,0.795,0.0579,28.2,3.4
CB5.1,9/25/89,17.5,14.93,0.713,0.0389,23.1,0.2
CB5.1,10/9/89,19.3,15.2,0.628,0.0209,18,5.6
CB5.1,10/16/89,8.52,14.53,0.67,0.04,19,4.6
CB5.1,10/23/89,4.8,14.8,0.614,0.0206,17,4.6
CB5.1,10/31/89,8.82,12.33,0.67,0.04,16.4,6
CB5.1,11/13/89,6.4,13.73,0.749,0.0227,14.6,5.2
CB5.1,11/27/89,5.31,14.19,0.65,0.03,9.8,9.4
CB5.1,12/11/89,18.4,13.73,0.778,0.0312,4.9,10.4
CB5.1,1/8/90,4.9,13.93,0.6659,0.0178,0.9,10.8
CB5.1,1/16/90,3.36,13.66,0.61,0.047,1.4,13.7
CB5.1,2/6/90,10.1,12.4,0.867,0.012,4.2,9.3
CB5.1,2/13/90,4.56,12.33,1.05,0.025,5.2,12.8
CB5.1,3/5/90,9.3,11.41,0.922,0.0169,5.4,9.3
CB5.1,3/12/90,9.42,10.5,0.92,0.026,7.1,9.8
CB5.1,3/19/90,19.3,11.47,0.956,0.0169,9.1,8
CB5.1,3/27/90,18.54,11.34,0.86,0.021,8.3,6.9
CB5.1,4/2/90,31.8,11.08,0.879,0.0146,9.1,6.1
CB5.1,4/9/90,20.53,11.15,0.93,0.032,8.7,7
CB5.1,4/16/90,42.8,12.13,0.9,0.0135,11.6,5.5
CB5.1,4/23/90,45.48,12.07,0.57,0.029,12,4.5
CB5.1,5/9/90,12.86,10.24,0.7,0.01,16.8,3.1
CB5.1,5/14/90,8.8,11.67,0.692,0.0138,17.6,0.6
CB5.1,5/23/90,10.99,10.69,0.59,0.03,17.3,0.2
CB5.1,5/29/90,3,10.5,0.76,0.0219,18.5,0.1
CB5.1,6/6/90,8.1,11.08,0.68,0.012,19.2,4.2
CB5.1,6/20/90,6.43,10.63,0.61,0.068,22.6,2
CB5.1,6/25/90,5.8,10.69,0.541,0.0182,24.5,2
CB5.1,7/12/90,15.45,11.87,0.709,0.0407,26.8,0.1
CB5.1,7/16/90,1.3,11.87,0.48,0.0366,26.7,0.1
CB5.1,7/24/90,10.47,11.02,0.708,0.0318,27,0.2
CB5.1,7/30/90,20.9,11.34,0.69,0.0342,27,1.8
CB5.1,8/8/90,7.78,11.41,0.558,0.0388,25.8,0.2
CB5.1,8/13/90,9.6,11.67,0.404,0.0269,26.5,0
CB5.1,8/21/90,11.21,12.59,0.632,0.034,26.1,0.1
CB5.1,9/10/90,10.8,14.46,0.656,0.0496,25,0.1
CB5.1,9/19/90,5.98,15.41,0.585,0.0425,22.7,2.9
CB5.1,9/24/90,8.7,16.15,0.671,0.0396,20.6,1.6
CB5.1,10/9/90,7.18,16.36,0.664,0.0526,21.3,5.7
CB5.1,10/15/90,5.2,16.43,0.504,0.0265,22.3,1.5
CB5.1,10/22/90,4.78,15.95,0.621,0.0247,19.8,6.8
CB5.1,10/29/90,6.1,14.26,0.634,0.0284,16.2,7.4
CB5.1,11/14/90,5.8,13.06,0.722,0.0206,12.3,7.7
CB5.1,11/19/90,7.03,13.06,0.711,0.022,11.1,9.2
CB5.1,12/10/90,5.8,12.4,0.681,0.0213,8.7,8.6
CB5.1,12/18/90,10.47,11.47,0.833,0.0188,7.5,8.5
CB5.1,1/7/91,8.8,11.67,1.052,0.0214,6.4,9.4
CB5.1,1/17/91,8.82,9.59,1.187,0.0203,5.3,9.3
CB5.1,2/11/91,12.3,12.86,0.998,0.0336,5.5,9.9
CB5.1,2/18/91,11.21,11.93,1.121,0.0212,4.2,10.6
CB5.1,3/4/91,11.81,11.74,1.292,0.0191,6.2,10.3
CB5.1,3/12/91,10.5,10.82,1.136,0.0165,6.3,8.8
CB5.1,3/18/91,7.78,8.95,1.154,0.014,6.5,9.3
CB5.1,3/26/91,8.2,10.89,0.896,0.0127,8.2,8
CB5.1,4/15/91,7.33,11.54,0.898,0.0146,11.7,5.4
CB5.1,4/22/91,6.7,11.02,0.869,0.0139,11.9,6.4
CB5.1,4/29/91,2.54,10.56,0.873,0.0134,14.4,5.2
CB5.1,5/6/91,4.6,10.11,0.8079,0.0131,16.9,4.9
CB5.1,5/13/91,2.99,10.63,0.786,0.0125,19.2,3.6
CB5.1,5/20/91,2.7,11.47,0.815,0.0226,19.4,3
CB5.1,5/28/91,6.13,12.07,0.73,0.019,23.9,0.8
CB5.1,6/3/91,16.1,10.43,0.819,0.0216,25.8,2.9
CB5.1,6/10/91,13.31,10.76,0.73,0.03,23.4,1.6
CB5.1,6/17/91,7.5,12.53,0.57,0.0271,27.2,0.8
CB5.1,6/24/91,9.91,13.46,0.6,0.0262,23.7,0.4
CB5.1,7/8/91,5,13.59,0.508,0.0279,27.5,0.6
CB5.1,7/15/91,6.23,14.06,0.619,0.0333,26.7,0.1
CB5.1,7/22/91,5.5,13.99,0.586,0.0296,29.4,0.3
CB5.1,7/29/91,6.73,14.93,0.605,0.0312,26.9,0.4
CB5.1,8/5/91,4.9,14.87,0.48,0.023,27.9,1.9
CB5.1,8/12/91,6.73,15.68,0.559,0.0312,26.3,0.2
CB5.1,8/26/91,4.93,16.63,0.549,0.0313,26.4,0.3
CB5.1,9/3/91,6,16.97,0.63,0.0438,26.4,1.9
CB5.1,9/9/91,6.73,16.84,0.552,0.0328,25.3,2
CB5.1,9/16/91,4.2,17.11,0.443,0.0261,26,1.8
CB5.1,9/23/91,8.22,17.31,0.498,0.0278,23.4,6
CB5.1,10/1/91,6,17.79,0.582,0.0254,22.2,4.4
CB5.1,10/9/91,9.72,18.28,0.568,0.0215,20.4,6.5
CB5.1,10/15/91,5.1,18.21,0.4495,0.022,19.3,5.2
CB5.1,10/23/91,4.93,18.07,0.552,0.0217,16.9,6.5
CB5.1,11/12/91,6.28,18.97,0.597,0.0286,11,8.5
CB5.1,12/2/91,2.4,18.9,0.5075,0.0217,10.3,5.6
CB5.1,12/9/91,1.2,19.45,0.5226,0.0205,9.2,8.3
CB5.1,1/22/92,7.03,19.11,0.51,0.0231,4.1,10.9
CB5.1,2/10/92,5.1,17.11,0.573,0.0197,3.2,10.7
CB5.1,2/20/92,3.59,17.38,0.571,0.016,4.3,9.6
CB5.1,3/10/92,2.5,18.14,0.5383,0.0151,7.6,8.1
CB5.1,3/30/92,4.5,17.04,0.561,0.0169,7,9.5
CB5.1,4/14/92,6.4,13.99,0.89,0.0149,10.9,8.2
CB5.1,4/27/92,2.7,13.73,0.788,0.0143,13.1,7.2
CB5.1,5/11/92,5.5,10.69,0.883,0.0178,15,3.9
CB5.1,5/26/92,5.1,12.79,0.732,0.0175,17.6,6
CB5.1,6/8/92,6.4,14.87,0.572,0.0227,22.2,3
CB5.1,6/22/92,6.1,16.09,0.592,0.0227,19.8,0.4
CB5.1,7/6/92,11.4,15.95,0.589,0.0328,23.7,0.2
CB5.1,7/20/92,8.4,15.07,0.712,0.0354,29,0.4
CB5.1,8/11/92,5.1,15,0.555,0.0285,26.9,0
CB5.1,8/24/92,6.7,12.59,0.603,0.0305,24.9,1.9
CB5.1,9/8/92,7.3,15.95,0.6,0.0326,25.5,0.1
CB5.1,9/22/92,8.1,15.88,0.471,0.0275,24.5,2.6
CB5.1,10/6/92,4,17.11,0.473,0.0209,19,5.8
CB5.1,10/20/92,4.9,16.97,0.5751,0.0232,16.5,5.4
CB5.1,11/17/92,4,16.84,0.5183,0.0192,11.3,6.7
CB5.1,12/7/92,2.5,15,0.5858,0.0173,8.6,7.4
CB5.1,1/4/93,4.6,13.39,0.692,0.0211,5.3,10
CB5.1,2/8/93,11.4,14.93,0.692,0.0192,3.9,10.7
CB5.1,3/9/93,4.3,13.93,0.785,0.0174,4.5,10.2
CB5.1,3/29/93,3.3,10.37,1.197,0.0643,6.2,9.6
CB5.1,4/12/93,10,8,1.24,0.0255,9.5,7.3
CB5.1,4/26/93,18.4,7.62,1.152,0.0212,12.6,4.6
CB5.1,5/10/93,17.3,5.33,1.149,0.0216,18.8,2.1
CB5.1,5/24/93,11.2,5.94,1.103,0.0256,19.6,1.2
CB5.1,6/14/93,6.4,8.63,0.906,0.0315,22.4,2.5
CB5.1,6/28/93,11.1,10.5,0.695,0.0379,25.9,0.1
CB5.1,7/12/93,5.8,10.82,0.538,0.0311,28.8,0.2
CB5.1,7/26/93,11,12.86,0.629,0.0318,26.8,0
CB5.1,8/9/93,7.3,13.53,0.548,0.0331,26.2,0
CB5.1,8/23/93,7.3,14.46,0.602,0.052,26.9,0.2
CB5.1,9/13/93,7.3,16.02,0.608,0.039,25.3,0.1
CB5.1,9/28/93,8.5,16.36,0.518,0.0301,22.3,2.5
CB5.1,10/12/93,4,17.93,0.546,0.0277,18.7,6.1
CB5.1,10/25/93,4.6,16.43,0.497,0.021,17.2,4.9
CB5.1,11/15/93,3.5,17.52,0.461,0.0194,13.5,6.2
CB5.1,12/6/93,6,15.2,0.573,0.0215,10.6,8.3
CB5.1,1/3/94,9,13.66,0.651,0.0184,3.5,7.5
CB5.1,2/7/94,2.5,14.19,0.607,0.015,1.4,11.3
CB5.1,3/7/94,3.3,12.26,0.985,0.0145,3.9,10.1
CB5.1,3/21/94,5.8,12.59,0.912,0.0168,4.7,9.8
CB5.1,4/4/94,4.2,6.37,1.364,0.0155,9.8,6.6
CB5.1,5/2/94,7.8,6.43,1.306,0.0273,15.1,3.9
CB5.1,5/25/94,12.5,7.43,1.093,0.0257,18.8,2.5
CB5.1,6/13/94,5.2,9.33,0.829,0.0226,22.6,0.8
CB5.1,6/27/94,15,10.3,0.79,0.0307,25.6,0.3
CB5.1,7/11/94,8.4,10.04,0.751,0.0398,27.6,0.1
CB5.1,7/25/94,9,11.02,0.584,0.0279,29,0
CB5.1,8/15/94,7.8,10.89,0.578,0.0319,26.8,1.3
CB5.1,8/29/94,8.6,10.04,0.605,0.0365,25.8,0
CB5.1,9/12/94,6.4,12.26,0.559,0.0287,23.1,1.5
CB5.1,9/26/94,11.4,13.19,0.586,0.0418,23.1,0.7
CB5.1,10/11/94,6.5,15.75,0.579,0.0384,19.2,2.2
CB5.1,10/24/94,3.7,15,0.54,0.0243,17.4,6.1
CB5.1,11/14/94,10.7,17.38,0.478,0.0215,14.7,2.9
CB5.1,12/12/94,5.4,16.84,0.528,0.0214,9.8,8.3
CB5.1,1/9/95,4.9,16.97,0.548,0.0208,5.5,8.2
CB5.1,2/13/95,8.8,15.88,0.725,0.0197,2.2,10.3
CB5.1,3/6/95,7.7,14.6,0.686,0.0132,4.4,9.6
CB5.1,3/20/95,6.3,13.59,0.734,0.0111,8.2,8.4
CB5.1,4/10/95,16.8,15.2,0.815,0.0182,10.4,5.5
CB5.1,4/24/95,2.5,15.2,0.722,0.0174,12.4,5.9
CB5.1,5/8/95,2.5,14.6,0.682,0.0145,15.2,6.5
CB5.1,5/22/95,7.5,13.53,0.648,0.0162,20.8,3.9
CB5.1,6/5/95,7.6,14.46,0.644,0.019,23.2,1.4
CB5.1,6/19/95,11.1,14.13,0.601,0.0291,24.1,1.5
CB5.1,7/10/95,9,14.4,0.695,0.0381,25.8,0.6
CB5.1,7/24/95,31.4,14.26,0.889,0.0589,29.7,0
CB5.1,8/7/95,7.3,15.47,0.56,0.0386,28.2,0.1
CB5.1,8/21/95,6.7,13.99,0.548,0.0332,27.2,1.5
CB5.1,9/5/95,8.7,16.63,0.521,0.034,26.2,0.1
CB5.1,9/18/95,8.8,18.35,0.523,0.0415,23.5,0.6
CB5.1,10/2/95,7.5,18.69,0.501,0.0322,21.6,4.6
CB5.1,10/16/95,12,18.07,0.541,0.0379,19.4,2.6
CB5.1,11/13/95,5.2,19.94,0.4586,0.0272,13.6,8.3
CB5.1,12/13/95,10.8,15,0.753,0.0235,4.9,9
CB5.1,1/30/96,8.7,10.3,1.494,0.0354,0.7,10.2
CB5.1,2/14/96,8.8,12.2,1.308,0.0667,0.6,11.4
CB5.1,3/11/96,6.4,11.15,1.347,0.0196,2.2,8.6
CB5.1,4/8/96,5.5,10.37,1.041,0.0151,7.6,9.1
CB5.1,4/22/96,5.1,10.11,1.08,0.0201,12.6,6.6
CB5.1,5/13/96,19.3,8.57,1.176,0.0244,15.4,5
CB5.1,5/28/96,12.4,6.68,1.059,0.0258,17.9,1.4
CB5.1,6/10/96,11.2,8.31,0.935,0.0294,22.4,0
CB5.1,7/8/96,15.8,9.72,0.702,0.0455,26.1,0.1
CB5.1,7/22/96,27.2,10.24,0.853,0.0571,25,0.1
CB5.1,8/5/96,11.2,10.04,0.573,0.0339,26.8,0.1
CB5.1,8/26/96,9.2,11.21,0.57,0.0367,27.3,0
CB5.1,9/9/96,11.6,12.66,0.768,0.0579,26.3,0.1
CB5.1,10/7/96,9.7,13.19,0.595,0.0337,19.8,7.3
CB5.1,11/18/96,21.7,6.68,1.01,0.0351,9.3,7.8
CB5.1,12/9/96,13.5,9.91,0.826,0.0314,7.3,7.7
CB5.1,1/14/97,13.61,9.72,0.869,0.053,4.1,8.8
CB5.1,3/4/97,7.8,10.69,0.923,0.0199,6.9,7.9
CB5.1,4/2/97,20.2,10.79,1.096,0.0277,9.3,10.3
CB5.1,4/14/97,15.3,9.2,1.037,0.0199,10.8,4.8
CB5.1,5/12/97,3.6,10.69,0.858,0.0192,14.8,2.5
CB5.1,5/28/97,9.9,11.15,0.742,0.0227,17,4
CB5.1,6/9/97,8.1,9.91,0.606,0.0159,18.7,4.4
CB5.1,7/14/97,7.2,12.07,0.498,0.0231,27.3,0.1
CB5.1,7/28/97,12.1,12.85,0.598,0.042,26.5,0.4
CB5.1,8/11/97,5.4,13.75,0.494,0.0313,26.2,0.9
CB5.1,8/25/97,9.08,14.62,0.71,0.0989,25.4,0.1
CB5.1,9/8/97,7.19,15.95,0.471,0.0344,24.2,1
CB5.1,10/14/97,7.81,17.18,0.456,0.0259,21.5,2.8
CB5.1,11/17/97,12.6,16.76,0.54,0.0243,10.4,7.3
CB5.1,12/8/97,4.3,16.9,0.457,0.018,7.6,8.6
CB5.1,1/6/98,4.78,15.88,0.593,0.043,6,8.5
CB5.1,2/11/98,5.98,11.02,0.708,0.021,6,9.6
CB5.1,3/23/98,14.0976,9.42312,0.956,0.0161,7.1,9.6
CB5.1,4/6/98,28.1596,9.78351,0.982,0.0184,10.6,5.7
CB5.1,4/21/98,9.12072,7.4295,0.941,0.0159,14.3,2
CB5.1,5/4/98,13.75584,7.05412,0.994,0.0233,16.7,0.7
CB5.1,5/18/98,12.41016,5.81681,0.828,0.0181,20.8,0.1
CB5.1,6/1/98,11.81208,7.30417,0.813,0.0326,23.1,1.7
CB5.1,7/6/98,9.1581,10.17117,0.714,0.0399,27,0.1
CB5.1,7/20/98,6.87792,10.43047,0.437,0.0218,27.2,0.1
CB5.1,8/3/98,10.01784,11.86846,0.583,0.0427,26.3,0.2
CB5.1,8/17/98,11.06448,12.33003,0.526,0.0231,27.6,0.8
CB5.1,9/1/98,13.00824,13.7925,0.559,0.0399,26.8,0.1
CB5.1,10/13/98,4.33608,16.42578,0.468,0.0253,20.9,5.3
CB5.1,11/16/98,7.476,17.38272,0.446,0.0212,13.2,6.1
CB5.1,12/15/98,5.68176,18.3454,0.482,0.0234,11.1,7.4
CB5.1,1/11/99,4.18656,19.24423,0.386,0.0194,4.2,10.2
CB5.1,2/8/99,4.18656,15.33948,0.838,0.0295,5.5,9.4
CB5.1,3/16/99,7.80827,16.42578,0.587,0.016,5,10.7
CB5.1,4/26/99,7.177,12.2,0.685,0.0125,13.2,6.3
CB5.1,5/10/99,3.289,12,0.69,0.0144,17.1,6.1
CB5.1,5/24/99,8.523,12.4,0.477,0.0175,19.9,2.4
CB5.1,6/7/99,6.915,14.19,0.625,0.0252,23.6,1.3
CB5.1,7/6/99,6.542,15.14,0.585,0.0388,28.3,0.9
CB5.1,7/19/99,6.728,15.61,0.55,0.0355,27.4,0.1
CB5.1,8/3/99,7.476,16.02,0.498,0.0406,27.8,0.2
CB5.1,8/16/99,7.85,17.66,0.543,0.0381,28.2,0.1
CB5.1,9/20/99,12.709,17.25,0.491,0.0325,22.8,2.9
CB5.1,10/4/99,6.542,18.21,0.421,0.0209,21.3,3.3
CB5.1,11/1/99,10.84,16.15,0.538,0.0306,16.5,5.2
CB5.1,12/6/99,6.28,16.77,0.483,0.0222,9.9,7.7
CB5.1,1/18/00,8.597,17.59,0.527,0.0268,5.2,10.2
CB5.1,2/14/00,3.888,16.29,0.502,0.0162,2.3,10.5
CB5.1,3/13/00,4.934,13.79,0.713,0.0137,8.8,8.7
CB5.1,4/10/00,11.775,12.93,0.732,0.0195,11.4,5.2
CB5.1,4/24/00,24.297,12.07,0.813,0.0284,12.6,6.4
CB5.1,5/8/00,24.222,10.24,0.831,0.0255,19.9,3
CB5.1,5/24/00,3.551,11.47,0.751,0.0321,19.2,0.1
CB5.1,6/12/00,9.345,10.24,0.854,0.0425,24.5,1.8
CB5.1,7/10/00,15.849,11.08,0.833,0.0544,26.5,0.1
CB5.1,7/24/00,18.877,11.61,0.701,0.044,24.7,0.1
CB5.1,8/7/00,12.859,12.26,0.608,0.0335,27.7,0.1
CB5.1,8/21/00,17.008,13.59,0.62,0.0443,24.8,1.8
CB5.1,9/11/00,5.126,13.79,0.498,0.0298,25.1,1.2
CB5.1,10/10/00,9.398,16.15,0.564,0.0276,18.2,4.6
CB5.1,11/13/00,8.523,17.45,0.533,0.0368,13.9,6.1
CB5.1,12/11/00,5.383,19.11,0.423,0.0218,6.1,8.9
CB5.1,1/11/01,3.289,17.18,0.461,0.016,0.6,10.3
CB5.1,2/12/01,5.682,19.04,0.433,0.0164,3.7,9.3
CB5.1,3/19/01,11.534,17.73,0.527,0.0183,6,9.7
CB5.1,4/2/01,27.287,15.41,0.612,0.0185,7.6,7.8
CB5.1,4/16/01,13.083,14.06,0.669,0.0168,13.1,6.7
CB5.1,5/7/01,4.859,13.26,0.668,0.0155,17.2,3.9
CB5.1,5/29/01,7.663,12.79,0.557,0.0176,20.6,1.7
CB5.1,6/11/01,16.148,12.33,0.581,0.0289,23,1.1
CB5.1,7/9/01,8.224,14.26,0.58,0.0421,25.8,0.2
CB5.1,7/23/01,5.084,13.73,0.487,0.031,26.4,0.7
CB5.1,8/13/01,7.289,14.4,0.515,0.0264,27.6,1.4
CB5.1,8/27/01,4.486,15,0.456,0.0288,27.2,0.2
CB5.1,9/10/01,5.607,15.95,0.491,0.0356,26.3,0.2
CB5.1,10/15/01,4.859,18.28,0.447,0.0254,18.9,3.6
CB5.1,11/13/01,5.233,19.24,0.465,0.0257,13.5,6.7
CB5.1,12/10/01,7.102,18.62,0.473,0.024,12.3,6.7
CB5.1,1/8/02,3.588,20.5,0.437,0.0166,5.1,9.6
CB5.1,2/13/02,5.682,19.59,0.391,0.0168,5.5,9.1
CB5.1,3/11/02,3.289,18.97,0.407,0.0183,7,8.6
CB5.1,4/8/02,4.486,15.75,0.46,0.0194,10.2,8.9
CB5.1,4/22/02,6.579,13.19,0.596,0.0228,15.8,7.3
CB5.1,5/6/02,5.046,13.93,0.531,0.0254,16.3,4.2
CB5.1,5/20/02,5.981,14.73,0.491,0.031,17.5,4.9
CB5.1,6/17/02,7.31,11.87,0.55,0.0294,24.6,2.6
CB5.1,7/15/02,6.728,13.53,0.581,0.0411,25.6,0.6
CB5.1,7/29/02,5.815,15,0.516,0.036,27.8,0.3
CB5.1,8/12/02,4.672,16.49,0.559,0.0438,26.7,0.2
CB5.1,8/26/02,5.233,17.04,0.432,0.0359,27.5,0.8
CB5.1,9/16/02,6.915,17.93,0.507,0.0336,24.2,1.7
CB5.1,10/15/02,4.153,20.64,0.543,0.0348,21.2,5.2
CB5.1,11/12/02,14.055,19.04,0.494,0.0239,12.9,6.5
CB5.1,12/10/02,10.317,17.79,0.622,0.0281,5.6,9.1
CB5.1,1/14/03,8.971,14.46,0.827,0.0177,2.8,9.5
CB5.1,2/10/03,4.592,14.53,0.782,0.0145,0.8,10.3
CB5.1,3/10/03,7.663,14.6,0.795,0.0168,2.8,9.9
CB5.1,4/8/03,12.335,8.76,1.224,0.0239,8.4,8.2
CB5.1,4/21/03,40.669,9.33,1.091,0.0257,10.9,6.7
CB5.1,5/5/03,22.054,9.98,0.952,0.0226,15,2.2
CB5.1,5/19/03,26.54,11.54,0.886,0.0352,16,3
CB5.1,6/16/03,11.321,11.08,0.723,0.0325,23.1,0.5
CB5.1,7/7/03,15.55,8.38,0.769,0.0365,27.2,0.2
CB5.1,7/21/03,13.208,10.82,0.697,0.0463,27.1,0.5
CB5.1,8/4/03,39.81,10.76,0.804,0.0576,26.7,0.3
CB5.1,8/18/03,8.41,9.59,0.639,0.039,27.4,0.3
CB5.1,9/15/03,36.819,10.43,0.957,0.0757,24.2,0.3
CB5.1,9/24/03,14.578,12.59,0.815,0.057,23.3,3.4
CB5.1,10/6/03,6.878,13.46,0.91,0.0479,19.7,1.4
CB5.1,12/16/03,14.354,8.63,1.018,0.0329,5.9,8.9
CB5.1,1/13/04,11.364,7.68,1.142,0.0243,2.9,7.8
CB5.1,2/17/04,5.233,10.3,0.822,0.0167,1.1,10.3
CB5.1,3/15/04,2.99,11.34,0.972,0.0165,6.7,8.5
CB5.1,4/12/04,7.476,10.76,1.126,0.0259,8.6,7.5
CB5.1,4/26/04,5.233,11.21,0.963,0.019,15.6,4.6
CB5.1,5/10/04,14.018,9.78,1.137,0.0267,18,2.9
CB5.1,5/24/04,13.083,8.38,0.94,0.0197,24.8,2.8
CB5.1,6/7/04,6.878,7.74,0.875,0.0244,22.1,1.8
CB5.1,6/22/04,20.036,10.11,0.734,0.025,24.1,0.2
CB5.1,7/6/04,8.672,11.61,0.675,0.0309,27.6,0.1
CB5.1,7/19/04,9.303,11.8,0.514,0.0286,26.3,0.1
CB5.1,8/9/04,10.039,9.01,0.676,0.0302,25.7,0.1
CB5.1,8/23/04,26.415,11.47,0.808,0.0521,26.4,0.2
CB5.1,9/20/04,5.981,11.8,0.78,0.0349,22.7,2.8
CB5.1,10/13/04,10.84,10.69,0.761,0.0278,19.4,2.7
CB5.1,11/9/04,8.971,12.59,0.685,0.027,14.6,4.3
CB5.1,12/6/04,10.039,12.99,0.773,0.0265,10.2,5.8
CB5.1,1/11/05,9.096,8.38,0.866,0.0204,5.2,8.8
CB5.1,2/15/05,3.588,10.43,0.793,0.0139,3,10.6
CB5.1,3/14/05,6.728,12.46,0.702,0.0145,4,7.5
CB5.1,4/4/05,8.224,10.04,0.922,0.0174,8.4,7.3
CB5.1,4/18/05,24.222,4.18,1.305,0.0312,12.9,3.6
CB5.1,5/10/05,8.224,8.95,0.981,0.0238,14.8,0.9
CB5.1,5/24/05,8.074,9.72,0.826,0.017,16.8,2.4
CB5.1,6/13/05,10.765,10.95,0.688,0.0239,25.6,1.4
CB5.1,6/27/05,16.148,11.87,0.662,0.0363,24.4,1
CB5.1,7/11/05,7.476,12.53,0.509,0.0258,26.7,0.2
CB5.1,7/25/05,9.569,12.79,0.553,0.0392,28.1,0.1
CB5.1,8/8/05,8.523,13.33,0.482,0.034,29.1,0.2
CB5.1,8/23/05,15.849,13.86,0.688,0.0444,27.7,0.1
CB5.1,9/12/05,5.831,15.27,0.459,0.0357,26.4,0.2
CB5.1,10/26/05,4.272,17.11,0.543,0.0326,17.3,6.7
CB5.1,11/14/05,12.389,15.47,0.608,0.0305,15.2,6
CB5.1,12/12/05,8.224,13.26,0.712,0.0281,6.3,9.2
CB5.1,1/10/06,5.831,12.07,0.561,0.017,5.1,8.2
CB5.1,2/7/06,11.513,10.3,0.782,0.0186,5.6,9.3
CB5.1,3/6/06,12.859,11.34,0.797,0.0201,4.6,10.5
CB5.1,4/3/06,30.118,11.87,0.713,0.0195,10.3,5.1
CB5.1,5/8/06,15.55,13.33,0.706,0.0226,16.4,5.2
CB5.1,5/22/06,9.569,13.93,0.695,0.0344,18.3,2.4
CB5.1,6/5/06,14.055,14.73,0.57,0.0265,22,0.4
CB5.1,6/19/06,9.27,14.8,0.576,0.0334,23.4,1
CB5.1,7/11/06,10.167,10.56,0.567,0.032,26.3,0.2
CB5.1,7/25/06,23.923,11.02,0.704,0.0362,27.7,0.3
CB5.1,8/14/06,12.859,12.07,0.577,0.0393,27,0.6
CB5.1,8/28/06,6.878,14.4,0.527,0.0328,27.6,0.2
CB5.1,9/18/06,13.644,13.93,0.524,0.0285,23.5,2.2
CB5.1,10/16/06,14.055,14.6,0.617,0.0404,18.3,5.3
CB5.1,11/14/06,6.878,14.06,0.592,0.0304,14.1,7.9
CB5.1,12/11/06,17.793,11.93,0.72,0.0362,8.1,7.2
CB5.1,1/11/07,13.307,12.07,0.67,0.0222,8.1,7.4
CB5.1,2/12/07,6.429,11.28,0.701,0.0151,2.4,11
CB5.1,3/12/07,6.579,12.4,0.625,0.0132,4.8,9.2
CB5.1,4/9/07,6.28,9.53,0.805,0.0166,7.9,7.72
CB5.1,4/23/07,13.27,9.72,0.843,0.0221,12.3,8.02
CB5.1,5/8/07,21.763,8.95,0.911,0.0242,14.7,4.1
CB5.1,5/21/07,7.775,10.89,0.741,0.0198,17.5,3.36
CB5.1,6/4/07,10.253,11.47,0.612,0.021,22.9,0.84
CB5.1,6/18/07,10.765,11.08,0.624,0.0312,25.1,1.36
CB5.1,7/9/07,16.447,13.33,0.689,0.0438,27.2,0.14
CB5.1,7/23/07,12.41,14.93,0.53,0.0324,25.3,1.84
CB5.1,8/6/07,8.224,15.14,0.486,0.0307,28.5,0.65
CB5.1,8/20/07,11.748,15.2,0.656,0.0405,26.2,0.22
CB5.1,9/17/07,7.262,17.59,0.478,0.0481,24.5,0.38
CB5.1,10/15/07,6.878,18.9,0.465,0.0299,21.7,3.01
CB5.1,11/7/07,6.728,19.04,0.456,0.0319,16.1,6.6
CB5.1,12/10/07,9.42,18.28,0.538,0.0257,7.4,9.1
CB5.1,1/15/08,12.859,15.34,0.589,0.0192,5.6,9.2
CB5.1,2/12/08,6.541,14.8,0.634,0.0187,4.3,9.5
CB5.1,3/18/08,3.588,5.33,1.17,0.0135,7.9,7.7
CB5.1,4/14/08,12.261,9.91,0.764,0.0214,11.7,7.3
CB5.1,4/28/08,17.344,8.69,0.831,0.0226,15.7,3.7
CB5.1,5/14/08,9.121,10.95,0.619,0.0263,16.7,0.6
CB5.1,5/27/08,5.682,9.59,0.496,0.0247,20.5,2.7
CB5.1,6/9/08,8.822,10.5,0.604,0.0352,24.9,0.6
CB5.1,6/23/08,14.354,10.69,0.677,0.0479,25.3,0.4
CB5.1,7/7/08,11.962,11.41,0.627,0.0352,27.2,0.2
CB5.1,7/21/08,6.878,11.93,0.477,0.0285,28.5,0.7
CB5.1,8/11/08,8.971,12.53,0.56,0.0405,26.2,1.3
CB5.1,8/25/08,6.728,14.66,0.514,0.0402,26.6,0.3
CB5.1,9/16/08,11.748,16.09,0.545,0.0375,24.8,1.5
CB5.1,11/17/08,8.037,18.76,0.447,0.0234,12.6,6.1
CB5.1,12/16/08,5.607,18.83,0.414,0.0233,6.7,9.6
CB5.1,1/13/09,8.01,14.4,0.568,0.0174,3.9,9.9
CB5.1,2/10/09,4.699,15.68,0.557,0.0148,2.7,10.1
CB5.1,3/16/09,6.675,14.87,0.582,0.0169,5.5,9.5
CB5.1,4/13/09,17.563,14.26,0.527,0.0144,10.4,7
CB5.1,5/11/09,8.144,12.73,0.517,0.0197,16.8,4.8
CB5.1,5/27/09,10.894,14.46,0.53,0.0272,20.1,1
CB5.1,6/15/09,8.971,11.47,0.511,0.0336,24.6,1.6
CB5.1,7/13/09,7.934,13.26,0.56,0.0409,25.9,0.5
CB5.1,7/27/09,5.874,14.6,0.567,0.0319,26.7,0.2
CB5.1,8/10/09,5.474,13.99,0.474,0.0322,27.9,0.2
CB5.1,8/24/09,7.018,13.73,0.504,0.0356,28.5,0.26
CB5.1,9/14/09,16.234,14.73,0.503,0.0416,23,5.3
CB5.1,10/20/09,4.165,17.73,0.4444,0.0291,16.2,7.5
CB5.1,11/16/09,5.66,14.13,0.632,0.0222,13.3,7.9
CB5.1,12/7/09,16.02,16.02,0.559,0.0299,10.3,6.9
CB5.1,1/11/10,14.738,14.53,0.655,0.0194,2,11.4
CB5.1,2/9/10,8.117,11.67,0.775,0.0134,0.8,9.6
CB5.1,3/15/10,10.466,13.46,0.67,0.0121,6.3,8.1
CB5.1,4/12/10,2.563,10.17,0.881,0.0193,14.6,5.4
CB5.1,5/10/10,15.257,12.26,0.784,0.0213,16.4,4.3
CB5.1,6/1/10,11.08,11.47,0.595,0.0227,23.5,2
CB5.1,6/21/10,16.874,12.4,0.649,0.0349,26.7,0.26
CB5.1,7/12/10,9.137,13.59,0.532,0.0258,27.2,0.26
CB5.1,8/2/10,13.483,14.66,0.581,0.0371,27.8,0.28
CB5.1,8/23/10,11.511,15,0.605,0.0291,27.6,0.25
CB5.1,9/21/10,7.049,17.73,0.452,0.0372,23.6,2.5
CB5.1,10/18/10,14.525,15.88,0.488,0.0257,17.8,6.4
CB5.1,11/15/10,13.484,13.86,0.606,0.0251,12.4,8.2
CB5.1,12/16/10,10.36,15.27,0.635,0.024,4.1,10.5
CB5.1,1/11/11,7.832,15.88,0.548,0.0177,1.1,10.8
CB5.1,2/9/11,7.583,16.84,0.468,0.0161,1.3,10.7
CB5.1,3/14/11,6.088,12.26,0.595,0.0123,6.5,10.6
CB5.1,4/11/11,15.427,10.37,0.756,0.021,10,5.8
CB5.1,5/9/11,42.415,4.96,1.105,0.0356,17.4,0.9
CB5.1,6/6/11,16.153,5.33,0.753,0.0302,23.7,0.09
CB5.1,6/27/11,16.554,8.25,0.654,0.0345,26,0.36
CB5.1,7/11/11,12.015,10.11,0.611,0.0366,27.1,0.21
CB5.1,8/8/11,15.715,12.46,0.609,0.0425,28.5,0.26
CB5.1,8/31/11,7.323,13.06,0.493,0.0276,25.9,1.1
CB5.1,9/19/11,9.765,9.65,0.723,0.0296,22.7,1.6
CB5.1,10/5/11,13.75,9.08,0.824,0.0295,19.7,1.4
CB5.1,10/17/11,23.282,7.24,0.954,0.031,18.9,1.2
CB5.1,11/14/11,11.641,9.4,0.839,0.0277,13,6.2
CB5.1,12/12/11,31.826,8.95,0.95,0.0343,9.2,7
CB5.1,1/10/12,18.919,8.12,0.89,0.0214,6.3,8.4
CB5.1,2/14/12,13.121,8.82,0.924,0.0176,5.1,6.9
CB5.1,3/12/12,16.234,11.08,0.751,0.0175,8.2,5.4
CB5.1,4/16/12,8.143,11.67,0.548,0.0149,15.5,5.2
CB5.1,5/14/12,4.806,13.33,0.514,0.0187,18.7,3.3
CB5.1,6/25/12,11.443,11.61,0.563,0.0253,26.6,3.4
CB5.1,7/23/12,12.663,13.86,0.588,0.0368,28,0.33
CB5.1,8/6/12,9.212,15.61,0.482,0.0317,28.6,0.26
CB5.1,8/20/12,13.083,15.88,0.491,0.034,27.1,0.27
CB5.1,9/17/12,8.01,16.84,0.453,0.0449,24.4,0.28
CB5.1,10/15/12,9.612,17.52,0.51,0.0309,18.8,4.8
CB5.1,11/14/12,11.629,15.95,0.514,0.0293,11.3,8.1
CB5.1,12/10/12,10.087,15.68,0.449,0.0207,9.2,7.4
CB5.1,1/15/13,16.234,15.47,0.515,0.0233,6.6,8.6
CB5.1,2/11/13,15.806,13.13,0.647,0.0192,3.8,10.6
CB5.1,3/19/13,39.089,14.26,0.614,0.017,6,8.9
CB5.1,4/15/13,46.138,13.33,0.674,0.0198,12.7,5
CB5.1,5/13/13,23.923,11.8,0.566,0.0293,16.6,4.7
CB5.1,6/3/13,24.831,13.86,0.8,0.0521,23,0.39
CB5.1,6/24/13,8.411,11.87,0.573,0.0368,25.9,0.29
CB5.1,7/15/13,8.277,11.21,0.466,0.0274,29,0.27
CB5.1,8/12/13,6.728,12.99,0.451,0.0309,27.4,0.24
CB5.1,9/16/13,6.675,15.54,0.441,0.0418,24.2,0.6
CB5.1,10/14/13,4.272,17.04,0.3945,0.03,19.9,4.4
CB5.1,11/20/13,7.262,17.52,0.44,0.0228,11.5,8.1
CB5.1,12/9/13,14.525,16.9,0.422,0.0212,7.4,9.1
CB5.1,2/18/14,3.204,12.66,0.6282,0.0126,1.6,10.7
CB5.1,3/19/14,8.437,15.54,0.513,0.0143,3.3,9.9
CB5.1,4/28/14,14.647,10.89,0.961,0.0175,13.2,7.2
CB5.1,5/12/14,15.7,7.68,0.983,0.0243,18.9,5.1
CB5.1,6/2/14,5.554,9.14,0.72,0.0224,21.1,0.46
CB5.1,7/7/14,14.738,11.67,0.592,0.0293,26,0.4
CB5.1,8/4/14,9.917,11.28,0.512,0.0268,26,0.82
CB5.1,8/25/14,9.459,13.26,0.469,0.0292,25.5,0.31
CB5.1,9/15/14,7.476,14.93,0.456,0.0286,25,1.1
CB5.1,10/20/14,7.171,17.11,0.437,0.0228,19,4.3
CB5.1,11/17/14,12.068,16.97,0.435,0.0181,11.6,7.8
CB5.1,12/15/14,7.796,16.15,0.43,0.0194,6.6,9
CB5.1,1/12/15,7.156,17.25,0.433,0.0194,3.5,8.6
CB5.1,2/11/15,12.175,18.07,0.429,0.0193,2.5,11.4
CB5.1,3/16/15,1.78,16.43,0.3686,0.0113,3.2,12
CB5.1,4/6/15,3.738,15.27,0.593,0.0119,7.6,9.9
CB5.1,5/5/15,11.348,10.3,0.767,0.0178,17,5.8
CB5.1,6/1/15,5.233,13.99,0.546,0.0174,23.6,0.54
CB5.1,6/22/15,10.466,12.93,0.576,0.0255,28.2,1.6
CB5.1,7/6/15,11.534,12.33,0.533,0.0298,26.2,0.33
CB5.1,8/3/15,7.781,11.61,0.52,0.0305,27.9,0.32
CB5.1,8/24/15,6.088,14.06,0.503,0.048,26.9,1.5
CB5.1,9/14/15,11.962,15.47,0.459,0.0442,24.6,3.2
CB5.1,10/8/15,9.826,17.11,0.461,0.036,21.3,6.6
CB5.1,10/19/15,10.039,16.49,0.492,0.0434,17.7,5.2
CB5.1,11/16/15,9.612,17.86,0.422,0.0291,14.2,5.4
CB5.1,12/14/15,5.66,17.18,0.429,0.0177,11.3,7.2
CB5.1,1/27/16,6.194,15.2,0.682,0.0278,3.3,10.8
CB5.1,2/9/16,6.561,16.02,0.556,0.0187,4.7,9.7
CB5.1,3/14/16,8.307,12.86,0.675,0.0146,7.6,9
CB5.1,4/12/16,13.884,14.66,0.611,0.0204,10.5,6.2
CB5.1,5/9/16,5.233,12.2,0.617,0.0127,14.7,4
CB5.1,6/6/16,5.785,14.19,0.504,0.0164,24.4,1.9
CB5.1,6/27/16,7.476,14.4,0.579,0.0247,25.3,2.8
CB5.1,7/11/16,7.298,15.14,0.507,0.0282,26.7,0.5
CB5.1,8/8/16,11.748,15.34,0.548,0.0367,28.3,0.3
CB5.1,8/29/16,7.209,16.77,0.501,0.0449,28.3,0.3
CB5.1,9/19/16,7.262,17.59,0.492,0.0371,25.2,1.6
CB5.1,10/17/16,12.389,17.86,0.551,0.0335,20.4,5.9
CB5.1,11/14/16,13.243,18.76,0.523,0.0282,13.8,7.3
CB5.1,12/12/16,10.443,19.17,0.403,0.0266,8.5,8.6
CB5.1,1/17/17,5.126,17.38,0.407,0.0151,4.2,10.1
CB5.1,2/14/17,7.796,17.25,0.478,0.0188,5.2,9.2
CB5.1,4/11/17,13.457,12,0.641,0.0162,12.9,7.6
CB5.1,5/9/17,4.272,11.54,0.664,0.0155,16.4,3.8
CB5.1,6/6/17,12.175,10.24,0.626,0.0283,22.5,2.7
CB5.1,6/26/17,7.903,12.26,0.607,0.0328,25.8,0.4
CB5.1,7/10/17,8.01,11.28,0.563,0.0286,27.4,1.6
CB5.1,8/8/17,8.117,13.13,0.526,0.04,25.9,2.4
CB5.1,8/30/17,10.68,12.13,0.498,0.0419,25.2,4.6
CB5.1,9/25/17,5.035,15.27,0.448,0.0254,25.1,4.9
CB5.1,10/23/17,14.311,17.04,0.531,0.0332,21.1,5.8
CB5.1,11/13/17,3.631,18,0.4344,0.0306,15.1,7.7
CB5.1,12/11/17,6.301,16.63,0.443,0.0171,8.9,7.3
CB5.1,1/22/18,9.137,16.29,0.452,0.0203,1.5,11.9
CB5.1,2/13/18,8.144,16.49,0.536,0.0204,2.6,11.6
CB5.1,3/27/18,9.612,13.39,0.638,0.0119,6.1,8.9
CB5.1,4/23/18,15.562,12.33,0.724,0.0129,12.3,6.3
CB5.1,5/14/18,7.903,11.15,0.577,0.0149,20.2,4.9
CB5.1,6/4/18,9.398,9.14,0.852,0.0342,21.6,1.3
CB5.1,6/25/18,14.738,9.01,0.611,0.0327,26,0.56
CB5.1,7/9/18,11.321,10.69,0.51,0.0312,26.5,0.44
CB5.1,8/6/18,12.104,9.27,0.601,0.0316,28.9,0.48
CB5.1,8/22/18,17.546,7.56,0.718,0.0311,27.1,0.65
CB5.1,9/25/18,14.738,9.01,0.926,0.0515,23.9,1
CB5.1,10/17/18,14.952,8.19,0.897,0.0369,20.6,1.4
CB5.1,11/19/18,23.038,5.94,1.122,0.0425,11,8.2
CB5.1,12/11/18,4.94,7.81,0.986,0.0246,6.5,8.5
CB5.1,1/16/19,6.194,7.93,1.142,0.0172,4.4,7.1
CB5.1,2/11/19,3.871,6.87,1.2105,0.0132,2.9,9.5
CB5.1,3/11/19,6.103,8.57,1.142,0.0145,5.4,7.7
CB5.1,4/16/19,17.088,7.74,1.303,0.0277,13.3,5.7
CB5.1,5/20/19,3.418,6.49,1.014,0.0272,20.2,1
CB5.1,6/4/19,8.01,7.37,0.939,0.0259,22.7,1.7
CB5.1,6/24/19,13.617,8,0.737,0.0258,24.5,0.54
CB5.1,8/5/19,10.146,10.89,0.611,0.0326,29.1,0.29
CB5.1,8/27/19,16.234,12,0.629,0.0437,25.8,0.78
CB5.1,9/16/19,6.942,14.13,0.512,0.0278,26,1.7
CB5.1,10/15/19,8.945,16.43,0.492,0.0262,20.6,5.7
CB5.1,11/14/19,5.34,16.84,0.512,0.0269,12.3,7.5
CB5.1,12/13/19,12.816,15.54,0.485,0.0216,8,7.7
CB5.1,1/13/20,13.67,15.54,0.523,0.021,7.1,6.8
CB5.1,2/10/20,3.204,15.2,0.553,0.016,6.2,8.9
CB5.1,6/2/20,6.622,10.3,0.556,0.0186,19.5,3.9
CB5.1,6/8/20,5.035,10.89,0.49,0.0237,22.4,2.4
CB5.1,6/24/20,16.447,11.28,0.695,0.0393,25.3,3.3
CB5.1,7/6/20,8.849,11.41,0.601,0.0386,28.3,1.6
CB5.1,8/6/20,8.086,14.06,0.46,0.032,28.1,0.43
CB5.1,8/24/20,7.076,12.99,0.498,0.0265,28.4,2
CB5.1,9/22/20,9.398,15.61,0.452,0.0303,21.9,3.8
CB5.1,10/13/20,10.894,16.22,0.447,0.033,19.9,2.5
CB5.1,11/9/20,18.049,16.56,0.625,0.0449,17.1,5
CB5.1,12/21/20,6.408,15.54,0.449,0.0218,7.4,9.4
CB5.1,1/11/21,2.563,9.65,0.819,0.0238,4.3,10.2
CB5.1,2/8/21,3.357,13.53,0.531,0.0192,3.5,10.4
CB5.1,3/17/21,2.729,12.66,0.666,0.0137,6.6,10.2
CB5.1,4/5/21,15.189,12.99,0.728,0.0163,9.3,7.2
CB5.1,5/10/21,5.02,12.79,0.582,0.0188,15.8,2.3
CB5.1,6/1/21,13.884,10.82,0.576,0.0312,19.9,3
CB5.1,6/21/21,16.661,11.74,0.523,0.0302,25.2,1.1
CB5.1,7/6/21,10.013,12.66,0.52,0.0331,26.5,0.11
CB5.1,8/2/21,9.307,12.13,0.515,0.0278,26.8,0.63
CB5.1,8/23/21,6.088,13.39,0.418,0.0271,27.9,0.12
CB5.1,9/13/21,67.284,13.19,0.949,0.076,25.4,0.17
CB5.1,10/4/21,18.037,10.82,0.621,0.0405,22.8,3.3
CB5.1,11/16/21,9.078,12.73,0.656,0.0208,13.9,6.9
CB5.1,12/7/21,10.36,12.99,0.601,0.0214,9.6,8.6
CB5.1,1/25/22,9.185,13.79,0.633,0.0228,3.5,10.3
CB5.1,2/7/22,12.175,14.26,0.567,0.0206,2.7,11.2
CB5.1,3/14/22,10.039,12.07,0.676,0.0171,6.7,8.8
CB5.1,4/11/22,12.549,10.95,0.746,0.0151,10.3,8
CB5.1,5/16/22,9.917,8.63,0.743,0.0189,17.2,4.9
CB5.1,6/6/22,10.039,10.56,0.574,0.0245,23.9,3.5
CB5.1,6/28/22,7.934,13.06,0.461,0.0239,24.3,1.1
CB5.1,7/12/22,10.68,12.53,0.533,0.0303,25.8,0.46
CB5.1,8/8/22,7.476,14.06,0.474,0.0245,28.6,0.37
CB5.1,8/22/22,6.542,14.6,0.453,0.0247,27.3,2.6
CB5.1,9/12/22,5.577,16.84,0.499,0.0275,25.6,0.18
CB5.1,10/6/22,2.99,18.48,0.437,0.0215,18.7,7.1
CB5.1,11/14/22,4.699,19.24,0.3868,0.0182,15.5,6.9
CB5.1,12/5/22,5.767,18.83,0.411,0.0181,10.5,7.7
CB5.1,1/9/23,13.884,17.59,0.487,0.0196,6.8,9.7
CB5.1,2/14/23,10.894,15.88,0.549,0.0178,6.2,10
CB5.1,3/13/23,7.476,14.53,0.632,0.0153,7.6,7.9
CB5.1,4/10/23,5.874,15.07,0.543,0.0144,12.7,6.6
CB5.1,5/8/23,6.301,11.74,0.499,0.0147,18.2,4.2
CB5.1,6/5/23,7.476,12.79,0.466,0.0205,21.6,3.2
CB5.1,6/26/23,9.612,15.27,0.559,0.0298,23.4,1.5
CB5.1,7/10/23,10.013,15.75,0.557,0.028,27.7,1.3
CB5.1,8/7/23,8.758,16.29,0.467,0.0233,27.7,0.3
CB5.1,8/28/23,8.33,16.09,0.448,0.0245,26.9,0.7
CB5.1,9/11/23,8.143,15.07,0.495,0.0254,27.9,3
CB5.1,10/4/23,15.379,15.41,0.524,0.0229,22.5,6.2
CB5.1,11/15/23,15.486,18.55,0.506,0.0279,14.5,6.7
CB5.1,12/12/23,10.36,17.79,0.514,0.0258,9.1,8.2
CB5.1,1/23/24,12.46,13.59,0.748,0.0225,3.7,10.7
CB5.1,3/20/24,15.562,10.69,0.727,0.0206,9.9,9.1
CB5.1,5/13/24,9.154,7.74,0.824,0.0218,18.6,3.9
CB5.1,6/3/24,14.477,8.44,0.763,0.0328,23,1
CB5.1,6/25/24,11.962,10.56,0.561,0.0289,27,0.2
CB5.1,7/15/24,7.476,11.15,0.482,0.0268,29.1,1.1
CB5.1,8/12/24,10.253,12.59,0.502,0.026,27.8,0.2
CB5.1,8/26/24,8.758,10.69,0.51,0.032,25.6,1.1
CB5.1,9/23/24,8.9,12.73,0.503,0.0241,23.5,0.9
CB5.1,10/22/24,7.476,16.77,0.457,0.0231,19.4,5
CB5.1,11/14/24,6.728,18.14,0.57,0.0299,16,7.3
CB5.1,12/3/24,6.194,18.28,0.43,0.0232,10,8.4